[
  {
    "ContainingType": "RemoteMangerAPI.Controllers.UserController",
    "Method": "Login",
    "RelativePath": "User/login",
    "HttpMethod": "POST",
    "IsController": true,
    "Order": 0,
    "Parameters": [
      {
        "Name": "user",
        "Type": "RemoteMangerAPI.RemoteMangerDBContext\u002BUser",
        "IsRequired": true
      }
    ],
    "ReturnTypes": []
  },
  {
    "ContainingType": "RemoteMangerAPI.Controllers.UserController",
    "Method": "CreateRdpAccount",
    "RelativePath": "User/rdp-accounts",
    "HttpMethod": "POST",
    "IsController": true,
    "Order": 0,
    "Parameters": [
      {
        "Name": "request",
        "Type": "RemoteMangerAPI.Entitys.RDPAccount",
        "IsRequired": true
      }
    ],
    "ReturnTypes": []
  },
  {
    "ContainingType": "RemoteMangerAPI.Controllers.UserController",
    "Method": "GetRdpAccounts",
    "RelativePath": "User/rdp-accounts",
    "HttpMethod": "GET",
    "IsController": true,
    "Order": 0,
    "Parameters": [],
    "ReturnTypes": []
  },
  {
    "ContainingType": "RemoteMangerAPI.Controllers.UserController",
    "Method": "GetRdpAccount",
    "RelativePath": "User/rdp-accounts/{id}",
    "HttpMethod": "GET",
    "IsController": true,
    "Order": 0,
    "Parameters": [
      {
        "Name": "id",
        "Type": "System.String",
        "IsRequired": true
      }
    ],
    "ReturnTypes": []
  },
  {
    "ContainingType": "RemoteMangerAPI.Controllers.UserController",
    "Method": "UpdateRdpAccount",
    "RelativePath": "User/rdp-accounts/{id}",
    "HttpMethod": "PUT",
    "IsController": true,
    "Order": 0,
    "Parameters": [
      {
        "Name": "id",
        "Type": "System.String",
        "IsRequired": true
      },
      {
        "Name": "request",
        "Type": "RemoteMangerAPI.Entitys.RDPAccount",
        "IsRequired": true
      }
    ],
    "ReturnTypes": []
  },
  {
    "ContainingType": "RemoteMangerAPI.Controllers.UserController",
    "Method": "DeleteRdpAccount",
    "RelativePath": "User/rdp-accounts/{id}",
    "HttpMethod": "DELETE",
    "IsController": true,
    "Order": 0,
    "Parameters": [
      {
        "Name": "id",
        "Type": "System.String",
        "IsRequired": true
      }
    ],
    "ReturnTypes": []
  },
  {
    "ContainingType": "RemoteMangerAPI.Controllers.UserController",
    "Method": "Register",
    "RelativePath": "User/register",
    "HttpMethod": "POST",
    "IsController": true,
    "Order": 0,
    "Parameters": [
      {
        "Name": "user",
        "Type": "RemoteMangerAPI.RemoteMangerDBContext\u002BUser",
        "IsRequired": true
      }
    ],
    "ReturnTypes": []
  }
]